Workbook

Sheet Updated
A1: Source | B1: https://docs.google.com/spreadsheets/d/1noiIQSfT7Pdn22VWdLyflMqLTOMU1xkUpMeeUPi905U/edit?usp=sharing | H1: 30 day visits | M1: 90 day visits
A2: Original From Content Calendar | B2: Publication Date | C2: News URL | D2: Contain Images in Between | E2: Long(L) or Short(S) | F2: Word Count | G2: SRA | H2: Users | I2: Sessions | J2: Pageviews | K2: Session Eng. Time | L2: Bounce Rate | M2: Users | N2: Sessions | O2: Pageviews | P2: Session Eng. Time | Q2: Bounce Rate
A3: Intermittent fasting shows promise in improving gut health, weight management | B3: 45440 | C3: news.asu.edu/20240528-health-and-medicine-intermittent-fasting-shows-promise-improving-gut-health-weight | D3: Yes | E3: S | F3: 993 | H3: 5599 | I3: 6084 | J3: 6844 | K3: 0.00027777778 | L3: 0.714 | M3: 5763 | N3: 6322 | O3: 7112 | P3: 0.00028935185 | Q3: 0.7009
A4: ASU research finds link between removal of uterus, brain function | B4: 45440 | C4: news.asu.edu/20240528-health-and-medicine-asu-research-finds-link-between-removal-uterus-brain-function | D4: Yes | E4: L | F4: 1483 | H4: 5147 | I4: 5790 | J4: 6233 | K4: 0.00053240741 | L4: 0.6812 | M4: 6608 | N4: 7439 | O4: 7999 | P4: 0.00055555556 | Q4: 0.647
A5: New global study shows freshwater is disappearing at alarming rates | B5: 45863 | C5: news.asu.edu/20250725-environment-and-sustainability-new-global-study-shows-freshwater-disappearing-alarming | D5: Yes | E5: L | F5: 1115 | H5: 3582 | I5: 4010 | J5: 4380 | K5: 0.00049768519 | L5: 0.4529 | M5: 7207 | N5: 7842 | O5: 8473 | P5: 0.00032407407 | Q5: 0.6361
A6: ASU retains No. 1 in US, top 10 globally in UN Sustainable Development Goals ranking | B6: 45454 | C6: news.asu.edu/20240611-university-news-asu-retains-no-1-us-top-10-globally-impact-ranking-un-sustainable-goals | D6: No | E6: S | F6: 796 | H6: 2905 | I6: 3195 | J6: 3585 | K6: 0.00032407407 | L6: 0.3981 | M6: 3983 | N6: 4547 | O6: 5095 | P6: 0.00034722222 | Q6: 0.3668
A7: ASU-led Southwest Sustainability Innovation Engine funds 8 promising tech startups | B7: 45728 | C7: news.asu.edu/20250312-science-and-technology-asuled-nsf-futures-engine-in-the-southwest-funds-8-promising-startups | D7: Yes | E7: S | F7: 1319 | H7: 1571 | I7: 1893 | J7: 2097 | K7: 0.00032407407 | L7: 0.4675 | M7: 1755 | N7: 2193 | O7: 2443 | P7: 0.00032407407 | Q7: 0.4505
A8: ASU launches SPORTx, a new initiative to unite sports and entrepreneurship | B8: 45777 | C8: news.asu.edu/20250430-business-and-entrepreneurship-asu-launches-sportx-new-initiative-unite-sports-entrepreneurship | D8: No | E8: S | F8: 661 | H8: 1331 | I8: 1632 | J8: 1865 | K8: 0.00027777778 | L8: 0.5576 | M8: 1662 | N8: 2018 | O8: 2292 | P8: 0.00028935185 | Q8: 0.5149
B9: 45897 | C9: https://news.asu.edu/20250828-health-and-medicine-what-you-need-know-about-dust-storms-and-valley-fever | D9: Yes | E9: L | F9: 1144 | H9: 1378 | I9: 1573 | J9: 1742 | K9: 0.00094907407 | L9: 0.3999 | M9: 1550 | N9: 1824 | O9: 2006 | P9: 0.00087962963 | Q9: 0.4189
B10: 45910 | C10: https://news.asu.edu/20250910-science-and-technology-new-cancer-test-can-warn-patients-10-years-treatment-needed | D10: Yes | E10: S | F10: 902 | H10: 1274 | I10: 1546 | J10: 1616 | K10: 0.00050925926 | L10: 0.3365
A11: ASU and GoDaddy launch Student Athlete Venture Studio | B11: 45742 | C11: news.asu.edu/20250325-business-and-entrepreneurship-asu-and-godaddy-launch-studentathlete-venture-studio | D11: No | E11: S | F11: 543 | H11: 1203 | I11: 1417 | J11: 1600 | K11: 0.00019675926 | L11: 0.6422 | M11: 1382 | N11: 1672 | O11: 1876 | P11: 0.00020833333 | Q11: 0.6298
A12: Is your gut microbiome a calorie 'super harvester'? | B12: 45819 | C12: news.asu.edu/20250611-health-and-medicine-your-gut-microbiome-calorie-super-harvester | D12: Yes | E12: S | F12: 941 | H12: 1273 | I12: 1422 | J12: 1529 | K12: 0.00059027778 | L12: 0.41 | M12: 1368 | N12: 1552 | O12: 1667 | P12: 0.00059027778 | Q12: 0.4098
A13: Saving lives from an invisible killer | B13: 45502 | C13: news.asu.edu/20240729-environment-and-sustainability-saving-lives-invisible-killer | D13: Yes | E13: L | F13: 3439 | H13: 864 | I13: 1065 | J13: 1257 | K13: 0.00078703704 | L13: 0.3183 | M13: 1114 | N13: 1388 | O13: 1630 | P13: 0.00068287037 | Q13: 0.2731
A14: Bird flu: Your questions on symptoms, spread and safety answered | B14: 45765 | C14: news.asu.edu/20250418-health-and-medicine-bird-flu-your-questions-symptoms-spread-and-safety-answered | D14: No | E14: L | F14: 2190 | H14: 1042 | I14: 1151 | J14: 1224 | K14: 0.00079861111 | L14: 0.4587 | M14: 1376 | N14: 1523 | O14: 1628 | P14: 0.00078703704 | Q14: 0.4399
A15: New study explores the link between diet, blood sugar and cancer risk across species | B15: 45728 | C15: news.asu.edu/20250312-science-and-technology-new-study-explores-link-between-diet-blood-sugar-and-cancer-risk | D15: Yes | E15: S | F15: 948 | H15: 837 | I15: 948 | J15: 1066 | K15: 0.00045138889 | L15: 0.4694 | M15: 935 | N15: 1059 | O15: 1192 | P15: 0.00047453704 | Q15: 0.4508
B16: 45968 | C16: https://news.asu.edu/20251107-science-and-technology-asu-researchers-discover-dnabased-electronic-storage-system | D16: Yes | E16: S | F16: 618 | H16: 804 | I16: 997 | J16: 1062 | K16: 0.00038194444 | L16: 0.4553
A17: Fast, accurate, low-cost diagnostics: No lab required | ASU News | B17: 45881 | C17: news.asu.edu/20250812-science-and-technology-fast-accurate-lowcost-diagnostics-no-lab-required | D17: Yes | E17: S | F17: 663 | H17: 742 | I17: 889 | J17: 1035 | K17: 0.00047453704 | L17: 0.4094 | M17: 1551 | N17: 1827 | O17: 2074 | P17: 0.00039351852 | Q17: 0.3065
A18: Global Futures Laboratory at ASU joins DOE initiative to empower women in clean energy | B18: 45467 | C18: news.asu.edu/20240624-environment-and-sustainability-global-futures-laboratory-asu-joins-doe-initiative-empower | D18: No | E18: S | F18: 616 | H18: 761 | I18: 890 | J18: 986 | K18: 0.0002662037 | L18: 0.3685 | M18: 825 | N18: 984 | O18: 1091 | P18: 0.0002662037 | Q18: 0.378
A19: NSF-funded, ASU-led sustainability, economic development initiative taps new CEO | B19: 45475 | C19: news.asu.edu/20240702-swsie-appoints-new-ceo | D19: No | E19: L | F19: 1526 | H19: 744 | I19: 881 | J19: 977 | K19: 0.00025462963 | L19: 0.5664 | M19: 901 | N19: 1121 | O19: 1237 | P19: 0.0002662037 | Q19: 0.5174
A20: Fighting the fungus among us | B20: 45761 | C20: news.asu.edu/20250414-health-and-medicine-fighting-fungus-among-us | D20: No | E20: S | F20: 969 | H20: 708 | I20: 845 | J20: 928 | K20: 0.000625 | L20: 0.3515 | M20: 768 | N20: 934 | O20: 1026 | P20: 0.00059027778 | Q20: 0.3437
A21: Study aims to help semiconductor industry be more sustainable | B21: 45856 | C21: news.asu.edu/20250718-science-and-technology-study-aims-help-semiconductor-industry-be-more-sustainable | D21: Yes | E21: S | F21: 562 | H21: 700 | I21: 821 | J21: 921 | K21: 0.00027777778 | L21: 0.3946 | M21: 898 | N21: 1048 | O21: 1163 | P21: 0.0002662037 | Q21: 0.3406
A22: A world full of plastic ... not fantastic | B22: 45616 | C22: news.asu.edu/20241120-environment-and-sustainability-world-full-plastic-not-fantastic | D22: Yes | E22: L | F22: 2743 | H22: 652 | I22: 803 | J22: 891 | K22: 0.00052083333 | L22: 0.528 | M22: 756 | N22: 952 | O22: 1071 | P22: 0.00054398148 | Q22: 0.4853
A23: Adventurer and space visionary embarks on a new journey at ASU | B23: 45687 | C23: news.asu.edu/20250130-environment-and-sustainability-adventurer-and-space-visionary-embarks-new-journey-asu | D23: Yes | E23: L | F23: 1002 | H23: 709 | I23: 820 | J23: 862 | K23: 0.00048611111 | L23: 0.3146 | M23: 740 | N23: 932 | O23: 981 | P23: 0.00043981481 | Q23: 0.3412
A24: 4 ASU researchers named Senior Members of the National Academy of Inventors | B24: 45744 | C24: news.asu.edu/20250328-science-and-technology-four-asu-researchers-named-senior-members-national-academy | D24: Yes | E24: L | F24: 1285 | H24: 655 | I24: 728 | J24: 857 | K24: 0.00049768519 | L24: 0.1484 | M24: 704 | N24: 798 | O24: 945 | P24: 0.00048611111 | Q24: 0.1591
B25: 45951 | C25: https://news.asu.edu/20251021-health-and-medicine-food-medicine-event-cultivates-new-solutions-sustainable-health | D25: Yes | E25: L | F25: 1894 | H25: 668 | I25: 765 | J25: 848 | K25: 0.00048611111 | L25: 0.4601
A26: ASU invention helps people worldwide reach weight goals | B26: 45782 | C26: news.asu.edu/20250505-health-and-medicine-asu-invention-helps-people-worldwide-reach-weight-goals | D26: Yes | E26: S | F26: 744 | H26: 598 | I26: 720 | J26: 820 | K26: 0.00060185185 | L26: 0.2778 | M26: 986 | N26: 1214 | O26: 1375 | P26: 0.00055555556 | Q26: 0.2257
A27: Urban forestry accelerator aims to boost green infrastructure, economic growth in Phoenix | B27: 45509 | C27: news.asu.edu/20240830-environment-and-sustainability-urban-forestry-accelerator-aims-boost-green-infrastructure | D27: No | E27: L | F27: 1130 | H27: 631 | I27: 754 | J27: 813 | K27: 0.00028935185 | L27: 0.5597 | M27: 781 | N27: 968 | O27: 1056 | P27: 0.0003125 | Q27: 0.5145
A28: Improving Alzheimer's prevention and care | B28: 45834 | C28: news.asu.edu/20250626-health-and-medicine-improving-alzheimers-prevention-and-care | D28: Yes | E28: L | F28: 1572 | H28: 593 | I28: 678 | J28: 753 | K28: 0.00087962963 | L28: 0.3319 | M28: 771 | N28: 933 | O28: 1064 | P28: 0.00087962963 | Q28: 0.3033
A29: 8 ways to protect wildlife | B29: 45569 | C29: news.asu.edu/20241004-environment-and-sustainability-8-ways-protect-wildlife | D29: Yes | E29: L | F29: 3201 | H29: 548 | I29: 642 | J29: 753 | K29: 0.00068287037 | L29: 0.3131 | M29: 992 | N29: 1165 | O29: 1359 | P29: 0.00082175926 | Q29: 0.3288
A30: New cancer treatment disrupts tumor growth | B30: 45735 | C30: news.asu.edu/20250319-science-and-technology-new-cancer-treatment-disrupts-tumor-growth | D30: Yes | E30: S | F30: 787 | H30: 575 | I30: 668 | J30: 749 | K30: 0.00049768519 | L30: 0.3518 | M30: 1005 | N30: 1155 | O30: 1291 | P30: 0.00054398148 | Q30: 0.3662
A31: Water-cleaning bacteria can produce health, economic benefits | B31: 45814 | C31: news.asu.edu/20250606-environment-and-sustainability-watercleaning-bacteria-can-produce-health-economic-benefits | D31: Yes | E31: L | F31: 1261 | H31: 462 | I31: 614 | J31: 707 | K31: 0.00047453704 | L31: 0.4235 | M31: 521 | N31: 709 | O31: 818 | P31: 0.00046296296 | Q31: 0.3949
A32: Charles Redman, founder of the School of Sustainability, faces a new adventure: Retirement | B32: 45595 | C32: news.asu.edu/20241030-environment-and-sustainability-charles-redman-founder-school-sustainability-faces-new | D32: Yes | E32: L | F32: 1422 | H32: 562 | I32: 638 | J32: 701 | K32: 0.00082175926 | L32: 0.4577 | M32: 580 | N32: 669 | O32: 737 | P32: 0.00082175926 | Q32: 0.4499
A33: Forest thinning may provide water benefits downstream | B33: 45433 | C33: news.asu.edu/20240521-environment-and-sustainability-forest-thinning-may-provide-water-benefits-downstream | D33: Yes | E33: S | F33: 560 | H33: 519 | I33: 609 | J33: 687 | K33: 0.00039351852 | L33: 0.4795 | M33: 597 | N33: 729 | O33: 819 | P33: 0.00037037037 | Q33: 0.4856
A34: ASU researchers blend biology, fantasy in world-building guidebook | B34: 45805 | C34: news.asu.edu/20250528-science-and-technology-asu-researchers-blend-biology-fantasy-worldbuilding-guidebook | D34: Yes | E34: S | F34: 894 | H34: 472 | I34: 588 | J34: 685 | K34: 0.00038194444 | L34: 0.4286 | M34: 547 | N34: 697 | O34: 803 | P34: 0.00034722222 | Q34: 0.4204
A35: Math and stats grad beats the odds by overcoming serious health issues | B35: 45409 | C35: news.asu.edu/20240427-sun-devil-community-math-and-stats-grad-beats-odds-overcoming-serious-health-issues | D35: Yes | E35: S | F35: 884 | H35: 637 | I35: 827 | J35: 594 | K35: 0.00077546296 | M35: 688 | N35: 893 | O35: 935 | P35: 0.00076388889
A36: ASU helps rural communities tackle local water problems | B36: 45818 | C36: news.asu.edu/20250610-environment-and-sustainability-asu-helps-rural-communities-tackle-local-water-problems | D36: Yes | E36: L | F36: 1646 | H36: 358 | I36: 485 | J36: 590 | K36: 0.00053240741 | L36: 0.3505 | M36: 399 | N36: 565 | O36: 682 | P36: 0.00053240741 | Q36: 0.3345
B37: 45954 | C37: https://news.asu.edu/20251024-science-and-technology-untangling-alzheimers-asu-researchers-tackling-our-understanding | D37: Yes | E37: L | F37: 1583 | H37: 420 | I37: 508 | J37: 577 | K37: 0.00068287037 | L37: 0.3406
A38: Navigating uncharted waters: ASU drives solutions for water resilience | B38: 45538 | C38: news.asu.edu/20240903-environment-and-sustainability-navigating-uncharted-waters-asu-drives-solutions-water | D38: Yes | E38: L | F38: 2539 | H38: 391 | I38: 482 | J38: 571 | K38: 0.00052083333 | L38: 0.3361 | M38: 631 | N38: 777 | O38: 918 | P38: 0.0005787037 | Q38: 0.2638
B39: 45964 | C39: https://news.asu.edu/20251103-science-and-technology-secrets-microbial-motion-how-bacteria-swash-glide-and-shift-gears | D39: Yes | E39: L | F39: 1193 | H39: 382 | I39: 493 | J39: 564 | K39: 0.00040509259 | L39: 0.3915
A40: ASU-led initiative announces first decarbonization projects for US industry | B40: 45573 | C40: news.asu.edu/20241008-science-and-technology-asuled-initiative-announces-first-decarbonization-projects-us | D40: No | E40: L | F40: 1417 | H40: 381 | I40: 470 | J40: 563 | K40: 0.00052083333 | L40: 0.3596 | M40: 521 | N40: 666 | O40: 789 | P40: 0.0005787037 | Q40: 0.364
B41: 45965 | C41: https://news.asu.edu/20251104-science-and-technology-signpost-cancer-linked-woundhealing-properties | D41: Yes | E41: S | F41: 910 | H41: 462 | I41: 501 | J41: 561 | K41: 0.00049768519 | L41: 0.3313
A42: Arizona public health leader to direct Health Observatory at ASU | B42: 45519 | C42: news.asu.edu/20240815-health-and-medicine-arizona-public-health-leader-direct-health-observatory-asu | D42: No | E42: L | F42: 1162 | H42: 436 | I42: 504 | J42: 560 | K42: 0.00038194444 | L42: 0.3492 | M42: 577 | N42: 679 | O42: 748 | P42: 0.00039351852 | Q42: 0.2975
A43: ASU Carbon Summit displays sustainability leadership, collaboration and ... electric motorcycles | B43: 45596 | C43: news.asu.edu/20241031-environment-and-sustainability-asu-carbon-summit-displays-sustainability-leadership | D43: Yes | E43: S | F43: 622 | H43: 406 | I43: 483 | J43: 548 | K43: 0.00023148148 | L43: 0.4576 | M43: 441 | N43: 539 | O43: 606 | P43: 0.00023148148 | Q43: 0.4527
A44: Teaching AI about social intelligence through Minecraft | B44: 45512 | C44: news.asu.edu/20240805-science-and-technology-teaching-ai-about-social-intelligence-through-minecraft | D44: No | E44: L | F44: 1203 | H44: 400 | I44: 475 | J44: 531 | K44: 0.00034722222 | L44: 0.3516 | M44: 600 | N44: 718 | O44: 802 | P44: 0.0003125 | Q44: 0.4081
A45: This ASU lab brings the energy | B45: 45518 | C45: news.asu.edu/20240814-environment-and-sustainability-asu-lab-brings-energy | D45: Yes | E45: L | F45: 2006 | H45: 388 | I45: 454 | J45: 526 | K45: 0.00050925926 | L45: 0.207 | M45: 525 | N45: 621 | O45: 703 | P45: 0.00049768519 | Q45: 0.1804
B46: 45947 | C46: https://news.asu.edu/20251020-science-and-technology-exploring-potential-link-between-microplastics-and-alzheimers | D46: Yes | E46: S | F46: 960 | H46: 400 | I46: 473 | J46: 524 | K46: 0.0003587963 | L46: 0.4292
A47: Reef restoration program celebrates official opening of state-of-the-art coral reef facility | B47: 45421 | C47: news.asu.edu/20240509-environment-and-sustainability-reef-restoration-program-celebrates-official-opening | D47: Yes | E47: S | F47: 644 | H47: 394 | I47: 451 | J47: 506 | K47: 0.00034722222 | L47: 0.3348 | M47: 506 | N47: 606 | O47: 672 | P47: 0.00034722222 | Q47: 0.33
A48: From ASU to the Amazon: Student bridges communities with solar canoe project | B48: 45749 | C48: news.asu.edu/20250402-environment-and-sustainability-asu-amazon-student-bridges-communities-solar-canoe-project | D48: Yes | E48: L | F48: 1508 | H48: 366 | I48: 447 | J48: 504 | K48: 0.00063657407 | L48: 0.349 | M48: 387 | N48: 447 | O48: 539 | P48: 0.00061342593 | Q48: 0.3417
A49: From K-12 to corporate upskilling, ASU guides learners of all ages to design a sustainable future | B49: 45765 | C49: news.asu.edu/20250418-environment-and-sustainability-k12-corporate-upskilling-asu-guides-learners-all-ages | D49: Yes | E49: L | F49: 2167 | H49: 359 | I49: 458 | J49: 500 | K49: 0.00030092593 | L49: 0.4323 | M49: 398 | N49: 510 | O49: 557 | P49: 0.00030092593 | Q49: 0.4373
A50: DEF CON Academy looks to serve, build community | B50: 45596 | C50: news.asu.edu/20241031-science-and-technology-def-con-academy-looks-serve-build-community | D50: No | E50: L | F50: 1224 | H50: 452 | I50: 481 | J50: 496 | K50: 0.00016203704 | M50: 526 | N50: 575 | O50: 565 | P50: 0.00011574074
A51: Your crash course on quantum science | B51: 45810 | C51: news.asu.edu/20250602-science-and-technology-your-crash-course-quantum-science | D51: Yes | E51: L | F51: 1186 | H51: 339 | I51: 433 | J51: 492 | K51: 0.00045138889 | L51: 0.4573 | M51: 645 | N51: 849 | O51: 931 | P51: 0.00048611111 | Q51: 0.364
A52: New ASU research hunts down drug-resistant superbugs | B52: 45831 | C52: news.asu.edu/20250623-science-and-technology-new-asu-research-hunts-down-drugresistant-microbes | D52: Yes | E52: S | F52: 938 | H52: 349 | I52: 443 | J52: 490 | K52: 0.00038194444 | L52: 0.2731 | M52: 418 | N52: 528 | O52: 577 | P52: 0.00034722222 | Q52: 0.2424
A53: ASU students win big at homeland security design challenge | B53: 45741 | C53: news.asu.edu/20250325-science-and-technology-asu-students-win-big-homeland-security-design-challenge | D53: Yes | E53: S | F53: 910 | H53: 367 | I53: 427 | J53: 488 | K53: 0.00050925926 | L53: 0.3185 | M53: 411 | N53: 484 | O53: 557 | P53: 0.00048611111 | Q53: 0.3161
A54: 2 killer Halloween projects from ASU’s monster expert | B54: 45593 | C54: news.asu.edu/20241028-arts-humanities-and-education-2-killer-halloween-projects-asus-monster-expert | D54: Yes | E54: L | F54: 1145 | H54: 324 | I54: 397 | J54: 482 | K54: 0.00037037037 | L54: 0.2695 | M54: 341 | N54: 416 | O54: 501 | P54: 0.00038194444 | Q54: 0.2716
A55: ASU study reveals 'true cost' of milk | B55: 45890 | C55: news.asu.edu/20250821-environment-and-sustainability-plantbased-milk-good-you | D55: Yes | E55: L | F55: 1184 | H55: 386 | I55: 426 | J55: 473 | K55: 0.0008912037 | L55: 0.2927 | M55: 1381 | N55: 1605 | O55: 1703 | P55: 0.00056712963 | Q55: 0.504
A56: Sewage contamination locations threatening west Hawaiʻi coral reefs | B56: 45895 | C56: news.asu.edu/20250826-environment-and-sustainability-sewage-contamination-locations-threatening-west-hawaii | D56: Yes | E56: S | F56: 449 | H56: 340 | I56: 400 | J56: 462 | K56: 0.00063657407 | L56: 0.3325 | M56: 666 | N56: 876 | O56: 1014 | P56: 0.00050925926 | Q56: 0.4007
B57: 45924 | C57: https://news.asu.edu/20250924-science-and-technology-phoenix-heat-tokyo-humidity-asu-facility-supports-elite-marathoner | D57: Yes | E57: S | F57: 479 | H57: 373 | I57: 410 | J57: 456 | K57: 0.00032407407 | L57: 0.4341
A58: Newly identified viruses found in dolphins | B58: 45705 | C58: news.asu.edu/20250217-science-and-technology-newly-identified-viruses-found-dolphins | D58: Yes | E58: S | F58: 906 | H58: 341 | I58: 399 | J58: 450 | K58: 0.00053240741 | L58: 0.3835 | M58: 369 | N58: 430 | O58: 484 | P58: 0.00052083333 | Q58: 0.3814
A59: Ancient sea creatures offer fresh insights into cancer | B59: 45709 | C59: news.asu.edu/20250221-science-and-technology-ancient-sea-creatures-offer-fresh-insights-cancer | D59: Yes | E59: S | F59: 938 | H59: 329 | I59: 398 | J59: 438 | K59: 0.00045138889 | L59: 0.3116 | M59: 404 | N59: 488 | O59: 545 | P59: 0.00043981481 | Q59: 0.3033
A60: From sea turtles to science policy: How this ASU grad found his path to a PhD | B60: 45779 | C60: news.asu.edu/20250502-sun-devil-community-sea-turtles-science-policy-how-asu-grad-found-his-path-phd | D60: Yes | E60: S | F60: 908 | H60: 278 | I60: 394 | J60: 437 | K60: 0.00055555556 | L60: 0.4624 | M60: 308 | N60: 433 | O60: 482 | P60: 0.00055555556 | Q60: 0.5651
A61: USTDA director joins policymakers, business leaders in conversation about clean energy collaboration | B61: 45518 | C61: news.asu.edu/20240814-environment-and-sustainability-ustda-director-joins-policymakers-business-leaders | D61: No | E61: S | F61: 614 | H61: 362 | I61: 393 | J61: 426 | K61: 0.00020833333 | L61: 0.3486 | M61: 451 | N61: 490 | O61: 529 | P61: 0.00021990741 | Q61: 0.2898
A62: Meet 3 ASU cybersecurity researchers advancing a more secure future | B62: 45589 | C62: news.asu.edu/20241024-science-and-technology-meet-3-asu-cybersecurity-researchers-advancing-more-secure-future | D62: No | E62: S | F62: 941 | H62: 350 | I62: 382 | J62: 420 | K62: 0.00028935185 | L62: 0.4058 | M62: 412 | N62: 457 | O62: 505 | P62: 0.00028935185 | Q62: 0.3698
A63: Can frisky flies save human lives? | B63: 45786 | C63: news.asu.edu/20250509-health-and-medicine-can-frisky-flies-save-human-lives | D63: No | E63: S | F63: 823 | H63: 300 | I63: 349 | J63: 404 | K63: 0.00054398148 | L63: 0.4585 | M63: 343 | N63: 403 | O63: 461 | P63: 0.00053240741 | Q63: 0.4467
A64: Swarm science: Oral bacteria move in waves to spread and survive | B64: 45740 | C64: news.asu.edu/20250324-science-and-technology-swarm-science-oral-bacteria-move-waves-spread-and-survive | D64: Yes | E64: S | F64: 771 | H64: 300 | I64: 342 | J64: 398 | K64: 0.00039351852 | L64: 0.4503 | M64: 324 | N64: 370 | O64: 428 | P64: 0.00040509259 | Q64: 0.4405
A65: The Sustainability Consortium receives 2024 President's Award for Sustainability | B65: 45512 | C65: news.asu.edu/20240808-environment-and-sustainability-sustainability-consortium-receives-2024-presidents-award | D65: No | E65: S | F65: 390 | H65: 311 | I65: 340 | J65: 391 | K65: 0.00019675926 | L65: 0.2471 | M65: 369 | N65: 406 | O65: 466 | P65: 0.00018518519 | Q65: 0.2512
A66: First exchange student for Biodesign Institute Europe bridges labs 5,000 miles apart | B66: 45401 | C66: news.asu.edu/20240419-health-and-medicine-first-exchange-student-biodesign-institute-europe-bridges-labs-5000 | D66: Yes | E66: S | F66: 764 | H66: 298 | I66: 345 | J66: 390 | K66: 0.00030092593 | M66: 386 | N66: 441 | O66: 492 | P66: 0.0002662037
B67: 45925 | C67: https://news.asu.edu/20250924-science-and-technology-building-ai-enhances-human-and-planetary-wellbeing | D67: Yes | E67: L | F67: 1054 | H67: 243 | I67: 306 | J67: 385 | K67: 0.00028935185 | L67: 0.3725
A68: Tiny copper clusters could lead to faster, energy-saving electronics | B68: 45870 | C68: news.asu.edu/20250801-science-and-technology-tiny-copper-clusters-could-lead-faster-energysaving-electronics | D68: No | E68: S | F68: 428 | H68: 287 | I68: 339 | J68: 381 | K68: 0.0003125 | L68: 0.3038 | M68: 320 | N68: 383 | O68: 439 | P68: 0.0003125 | Q68: 0.3029
A69: Lara Ferry Promoted to Vice President of research at ASU's Knowledge Enterprise | B69: 45565 | C69: news.asu.edu/b/20240930-lara-ferry-promoted-vice-president-research-asus-knowledge-enterprise | D69: No | E69: S | F69: 707 | H69: 309 | I69: 336 | J69: 373 | K69: 0.00039351852 | L69: 0.4286 | M69: 321 | N69: 352 | O69: 389 | P69: 0.00040509259 | Q69: 0.4261
A70: College of Global Futures announces new directors | B70: 45419 | C70: news.asu.edu/20240507-university-news-college-global-futures-announces-new-directors | D70: Yes | E70: L | F70: 1603 | H70: 309 | I70: 335 | J70: 371 | K70: 0.00046296296 | L70: 0.2836 | M70: 338 | N70: 368 | O70: 410 | P70: 0.00050925926 | Q70: 0.269
A71: ASU grad heads to Harvard after exploring connection between allergies and the brain | B71: 45778 | C71: news.asu.edu/20250501-sun-devil-community-asu-grad-heads-harvard-after-exploring-connection-between-allergies | D71: Yes | E71: S | F71: 896 | H71: 241 | I71: 313 | J71: 367 | K71: 0.00059027778 | M71: 286 | N71: 372 | O71: 429 | P71: 0.0005787037
A72: Dynamic data duo advances health research | B72: 45736 | C72: news.asu.edu/20250320-health-and-medicine-dynamic-data-duo-advances-health-research | D72: Yes | E72: S | F72: 1752 | H72: 284 | I72: 335 | J72: 366 | K72: 0.00033564815 | L72: 0.4716 | M72: 314 | N72: 388 | O72: 420 | P72: 0.00030092593 | Q72: 0.4433
B73: 45940 | C73: https://news.asu.edu/20251010-sun-devil-community-scholarship-opens-doors-bermudians-pursue-their-passions-asu | D73: Yes | E73: S | F73: 774 | H73: 252 | I73: 328 | J73: 365 | K73: 0.00038194444 | L73: 0.3401
A74: Pettinger to guide Southwest Sustainability Innovation Engine's sustainable technologies to market | B74: 45628 | C74: news.asu.edu/20241202-environment-and-sustainability-pettinger-guide-southwest-sustainability-innovation-engines | D74: No | E74: L | F74: 1572 | H74: 300 | I74: 326 | J74: 361 | K74: 0.00028935185 | L74: 0.5399 | M74: 352 | N74: 400 | O74: 447 | P74: 0.00034722222 | Q74: 0.485
A75: Grad's journey from ASU to the frontiers of biochemistry and beyond | B75: 45411 | C75: news.asu.edu/20240429-sun-devil-community-grads-journey-asu-frontiers-biochemistry-and-beyond | D75: Yes | E75: L | F75: 1333 | H75: 273 | I75: 345 | J75: 361 | K75: 0.00061342593 | M75: 291 | N75: 365 | O75: 384 | P75: 0.00070601852
A76: Discovery could lead to new treatments for life-threatening allergic reactions | B76: 45894 | C76: news.asu.edu/20250825-science-and-technology-discovery-could-lead-new-treatments-lifethreatening-allergic | D76: Yes | E76: S | F76: 820 | H76: 294 | I76: 317 | J76: 351 | K76: 0.0003587963 | L76: 0.571 | M76: 1297 | N76: 1540 | O76: 1702 | P76: 0.00039351852 | Q76: 0.5299
B77: 45936 | C77: https://news.asu.edu/20251006-science-and-technology-how-rabbit-virus-learned-infect-hares | D77: Yes | E77: S | F77: 762 | H77: 282 | I77: 310 | J77: 346 | K77: 0.00019675926 | L77: 0.429 | M77: 305 | N77: 336 | O77: 374 | P77: 0.00019675926 | Q77: 0.4196
B78: 45929 | C78: https://news.asu.edu/20250929-science-and-technology-new-studies-shine-light-arctics-current-and-future-affairs | D78: Yes | E78: L | F78: 1034 | H78: 260 | I78: 308 | J78: 343 | K78: 0.00041666667 | L78: 0.2987 | M78: 314 | N78: 374 | O78: 414 | P78: 0.00039351852 | Q78: 0.3262
A79: Gifts support science, students and society at ASU | B79: 45820 | C79: news.asu.edu/20250612-university-news-lu-baird-gifts-support-science-students-and-society-asu | D79: Yes | E79: L | F79: 1117 | H79: 248 | I79: 288 | J79: 327 | K79: 0.000625 | L79: 0.2951 | M79: 250 | N79: 292 | O79: 331 | P79: 0.000625 | Q79: 0.2945
A80: Mentorship helped ASU graduate find passion for immunology | B80: 45778 | C80: news.asu.edu/20250501-sun-devil-community-mentorship-helped-asu-graduate-find-passion-immunology | D80: Yes | E80: S | F80: 843 | H80: 217 | I80: 290 | J80: 311 | K80: 0.00060185185 | M80: 244 | N80: 329 | O80: 347 | P80: 0.00056712963
A81: 10 climate insights to guide our future | B81: 45593 | C81: news.asu.edu/20241028-environment-and-sustainability-10-climate-insights-guide-our-future | D81: Yes | E81: S | F81: 815 | H81: 236 | I81: 271 | J81: 303 | K81: 0.00028935185 | L81: 0.3542 | M81: 257 | N81: 302 | O81: 336 | P81: 0.00028935185 | Q81: 0.3344
A82: ASU researchers working to better understand individual experiences of heat exposure | B82: 45420 | C82: news.asu.edu/20240508-environment-and-sustainability-asu-researchers-working-better-understand-individual | D82: Yes | E82: S | F82: 722 | H82: 219 | I82: 244 | J82: 290 | K82: 0.00024305556 | L82: 0.3279 | M82: 256 | N82: 306 | O82: 356 | P82: 0.00024305556 | Q82: 0.3399
A83: Sustaining connections: ASU alumnae bring youth climate conference to their alma mater | B83: 45554 | C83: news.asu.edu/20240919-environment-and-sustainability-sustaining-connections-asu-alumnae-bring-youth-climate | D83: Yes | E83: S | F83: 723 | H83: 212 | I83: 250 | J83: 278 | K83: 0.00021990741 | L83: 0.344 | M83: 227 | N83: 273 | O83: 301 | P83: 0.00021990741 | Q83: 0.348
A84: ASU now certified to build sensitive aerospace, defense instruments in-house | B84: 45432 | C84: news.asu.edu/20240522-science-and-technology-asu-now-certificated-build-sensitive-aerospace-defense-instruments | D84: No | E84: S | F84: 761 | H84: 210 | I84: 236 | J84: 266 | K84: 0.00061342593 | L84: 0.1568 | M84: 241 | N84: 271 | O84: 303 | P84: 0.00059027778 | Q84: 0.1845
A85: Securing borders and supply chains and improving efficiency: Q&A with Ross Maciejewski | B85: 45663 | C85: news.asu.edu/b/20250106-securing-borders-and-supply-chains-and-improving-efficiency-qa-ross-maciejewski | D85: No | E85: L | F85: 1566 | H85: 220 | I85: 261 | J85: 260 | K85: 0.00024305556 | M85: 237 | N85: 280 | O85: 280 | P85: 0.00025462963
A86: ASU MBA graduate's journey from cancer research to business leadership | B86: 45778 | C86: news.asu.edu/20250501-sun-devil-community-asu-mba-graduates-journey-cancer-research-business-leadership | D86: Yes | E86: S | F86: 829 | H86: 165 | I86: 206 | J86: 241 | K86: 0.00053240741 | M86: 185 | N86: 231 | O86: 267 | P86: 0.00055555556
A87: School of Ocean Futures student to conduct marine research as NSF fellow | B87: 45474 | C87: news.asu.edu/20240708-sun-devil-community-school-ocean-futures-student-conduct-marine-research-nsf-fellow | D87: Yes | E87: S | F87: 855 | H87: 179 | I87: 218 | J87: 238 | K87: 0.00040509259 | M87: 271 | N87: 331 | O87: 353 | P87: 0.00055555556
A88: Majority of American religious leaders silently believe in climate change, ASU study shows | B88: 45768 | C88: news.asu.edu/20250421-environment-and-sustainability-majority-american-religious-leaders-silently-believe-climate-change | D88: Yes | E88: S | F88: 462 | H88: 192 | I88: 211 | J88: 230 | K88: 0.0003125 | L88: 0.4502 | M88: 205 | N88: 238 | O88: 260 | P88: 0.0003125 | Q88: 0.4454
A89: ASU ocean scientists push for solutions beyond National Ocean Month | B89: 45511 | C89: news.asu.edu/20240628-environment-and-sustainability-asu-ocean-scientists-push-solutions-beyond-national-ocean | D89: No | E89: L | F89: 2192 | H89: 162 | I89: 182 | J89: 218 | K89: 0.00046296296 | L89: 0.2198 | M89: 202 | N89: 227 | O89: 266 | P89: 0.00046296296 | Q89: 0.1982
A90: The rise of human-machine teams: Q&A with Jamie Gorman | B90: 45646 | C90: news.asu.edu/b/20241220-rise-humanmachine-teams-qa-jamie-gorman | D90: No | E90: L | F90: 1891 | H90: 125 | I90: 189 | J90: 205 | K90: 0.0016550926 | M90: 168 | N90: 284 | O90: 326 | P90: 0.0019907407
A91: Clearing the air: How we can fix the CO2 problem and make our lives better | B91: 45445 | C91: news.asu.edu/20240603-environment-and-sustainability-clearing-air-how-we-can-fix-co2-problem-and-make-our-lives | D91: Yes | E91: L | F91: 2362 | H91: 148 | I91: 169 | J91: 197 | K91: 0.00084490741 | L91: 0.3432 | M91: 266 | N91: 317 | O91: 366 | P91: 0.00070601852 | Q91: 0.3596
A92: Better together: ASU Biodesign thrives on collaboration | B92: 45566 | C92: news.asu.edu/b/20241001-better-together-asu-biodesign-thrives-collaboration | D92: Yes | E92: L | F92: 1965 | H92: 140 | I92: 157 | J92: 182 | K92: 0.000625 | L92: 0.3312 | M92: 170 | N92: 197 | O92: 228 | P92: 0.00061342593 | Q92: 0.2741
B93: 45894 | C93: https://news.asu.edu/b/20250825-edson-seed-grants-awarded-explore-clues-behind-neurodegenerative-diseases | D93: Yes | E93: S | F93: 450 | H93: 121 | I93: 143 | J93: 170 | K93: 0.00041666667 | L93: 0.2517 | M93: 133 | N93: 156 | O93: 184 | P93: 0.00041666667 | Q93: 0.2372
A94: PhD grad honed interdisciplinary skills at ASU | B94: 45410 | C94: news.asu.edu/20240428-sun-devil-community-phd-grad-honed-interdisciplinary-skills-asu | D94: Yes | E94: S | F94: 904 | H94: 121 | I94: 154 | J94: 170 | K94: 0.00043981481 | M94: 141 | N94: 193 | O94: 203 | P94: 0.00050925926
A95: First-of-its-kind plastics recycling microfactory to transform waste, create new jobs | B95: 45329 | C95: news.asu.edu/20240207-environment-and-sustainability-firstofitskind-plastics-recycling-microfactory-transform#:~:text=The%20microfactory%20will%20give%20discarded,waste%20from%20going%20to%20landfills. | D95: Yes | E95: L | F95: 1279 | H95: 116 | I95: 139 | J95: 164 | K95: 0.00046296296 | L95: 0.3022 | M95: 385 | N95: 497 | O95: 591 | P95: 0.00050925926 | Q95: 0.3843
B96: 45926 | C96: https://news.asu.edu/b/20250926-asu-hydrology-expert-wins-distinguished-science-award | D96: Yes | E96: S | F96: 520 | H96: 95 | I96: 120 | J96: 160 | K96: 0.0002662037 | L96: 0.3 | M96: 115 | N96: 143 | O96: 189 | P96: 0.00027777778 | Q96: 0.2657
A97: The hidden cost of the American food system https://news.asu.edu/20240604-environment-and-sustainability-hidden-cost-american-food-system and then they updated the URL to https://news.asu.edu/20240701-environment-and-sustainability-hidden-cost-american-food-system | B97: 45446 | C97: news.asu.edu/20240701-environment-and-sustainability-hidden-cost-american-food-system | D97: Yes | E97: L | F97: 2538 | H97: 108 | I97: 141 | J97: 148 | K97: 0.0003125 | L97: 0.3972 | M97: 402 | N97: 518 | O97: 561 | P97: 0.00045138889 | Q97: 0.388
B98: 45950 | C98: https://news.asu.edu/20251020-science-and-technology-hate-having-upgrade-your-device-asu-fixing | D98: Yes | E98: S | F98: 919 | H98: 105 | I98: 139 | J98: 147 | K98: 0.00043981481 | L98: 0.3127
A99: Revolutionizing health through bioelectronics and biosensors | B99: 45595 | C99: news.asu.edu/b/20241030-revolutionizing-health-through-bioelectronics-and-biosensors | D99: No | E99: L | F99: 1106 | H99: 110 | I99: 137 | J99: 143 | K99: 0.00052083333 | L99: 0.4307 | M99: 154 | N99: 191 | O99: 207 | P99: 0.00047453704 | Q99: 0.377
A100: Stephanie Forrest’s unique integration of computation, biology and health | B100: 45579 | C100: news.asu.edu/b/20241014-stephanie-forrests-unique-integration-computation-biology-and-health | D100: Yes | E100: L | F100: 2002 | H100: 91 | I100: 121 | J100: 141 | K100: 0.00064814815 | L100: 0.3967 | M100: 116 | N100: 156 | O100: 178 | P100: 0.00065972222 | Q100: 0.359
...

Sheet Original
A1: Source | B1: https://docs.google.com/spreadsheets/d/1noiIQSfT7Pdn22VWdLyflMqLTOMU1xkUpMeeUPi905U/edit?usp=sharing
E2: 30 day visits | J2: 90 day visits
A3: News URL | B3: Contain Images | C3: Long(L) or Short(S) | D3: Image | E3: Users | F3: Sessions | G3: Pageviews | H3: Session Eng. Time | I3: Bounce Rate | J3: Users | K3: Sessions | L3: Pageviews | M3: Session Eng. Time | N3: Bounce Rate
A4: news.asu.edu/20250623-science-and-technology-new-asu-research-hunts-down-drugresistant-microbes | B4: Yes | C4: L | E4: 284 | F4: 353 | G4: 309 | H4: 0.00040509259 | I4: 0.3144 | J4: 284 | K4: 353 | L4: 395 | M4: 0.00040509259 | N4: 0.3144
A5: news.asu.edu/20250626-health-and-medicine-improving-alzheimers-prevention-and-care | B5: Yes | C5: L | E5: 361 | F5: 413 | G5: 461 | H5: 0.00079861111 | I5: 0.2712 | J5: 361 | K5: 413 | L5: 461 | M5: 0.00079861111 | N5: 0.2712
A6: news.asu.edu/20250612-university-news-lu-baird-gifts-support-science-students-and-society-asu | B6: Yes | C6: L | E6: 212 | F6: 244 | G6: 280 | H6: 0.00065972222 | I6: 0.3033 | J6: 212 | K6: 244 | L6: 280 | M6: 0.00065972222 | N6: 0.3033
A7: news.asu.edu/20250611-health-and-medicine-your-gut-microbiome-calorie-super-harvester | B7: Yes | C7: L | E7: 1270 | F7: 1419 | G7: 1526 | H7: 0.00059027778 | I7: 0.4094 | J7: 1273 | K7: 1422 | L7: 1529 | M7: 0.00059027778 | N7: 0.41
A8: news.asu.edu/20250610-environment-and-sustainability-asu-helps-rural-communities-tackle-local-water-problems | B8: Yes | C8: L | E8: 355 | F8: 482 | G8: 587 | H8: 0.00053240741 | I8: 0.3527 | J8: 358 | K8: 485 | L8: 590 | M8: 0.00053240741 | N8: 0.3505
A9: news.asu.edu/20250606-environment-and-sustainability-watercleaning-bacteria-can-produce-health-economic-benefits | B9: Yes | C9: L | E9: 461 | F9: 612 | G9: 705 | H9: 0.00047453704 | I9: 0.4248 | J9: 469 | K9: 623 | L9: 717 | M9: 0.00047453704 | N9: 0.4222
A10: news.asu.edu/20250602-science-and-technology-your-crash-course-quantum-science | B10: Yes | C10: L | E10: 337 | F10: 428 | G10: 487 | H10: 0.00046296296 | I10: 0.4603 | J10: 538 | K10: 668 | L10: 739 | M10: 0.00046296296 | N10: 0.4251
A11: news.asu.edu/20250528-science-and-technology-asu-researchers-blend-biology-fantasy-worldbuilding-guidebook | B11: Yes | C11: S | E11: 469 | F11: 584 | G11: 681 | H11: 0.00039351852 | I11: 0.4264 | J11: 499 | K11: 626 | L11: 725 | M11: 0.00037037037 | N11: 0.4249
A12: news.asu.edu/20250509-health-and-medicine-can-frisky-flies-save-human-lives | B12: Yes | C12: S | E12: 297 | F12: 346 | G12: 401 | H12: 0.00054398148 | I12: 0.4566 | J12: 331 | K12: 389 | L12: 447 | M12: 0.00053240741 | N12: 0.4447
A13: https://news.asu.edu/20250505-health-and-medicine-asu-invention-helps-people-worldwide-reach-weight-goals | B13: Yes | C13: S | E13: 592 | F13: 710 | G13: 805 | H13: 0.00059027778 | I13: 0.2803 | J13: 868 | K13: 1071 | L13: 1218 | M13: 0.00056712963 | N13: 0.2278
A14: https://news.asu.edu/20250501-sun-devil-community-asu-mba-graduates-journey-cancer-research-business-leadership
A15: https://news.asu.edu/20250502-sun-devil-community-sea-turtles-science-policy-how-asu-grad-found-his-path-phd
A16: https://news.asu.edu/20250501-sun-devil-community-mentorship-helped-asu-graduate-find-passion-immunology
A17: https://news.asu.edu/20250430-business-and-entrepreneurship-asu-launches-sportx-new-initiative-unite-sports-entrepreneurship | B17: Yes | C17: S | E17: 1315 | F17: 1609 | G17: 1839 | H17: 0.00027777778 | I17: 0.56 | J17: 1604 | K17: 1995 | L17: 2269 | M17: 0.00028935185 | N17: 0.5163
A18: news.asu.edu/20250430-business-and-entrepreneurship-asu-launches-sportx-new-initiative-unite-sports-entrepreneurship | B18: Yes | C18: S | E18: 1327 | F18: 1628 | G18: 1860 | H18: 0.00027777778 | I18: 0.5584 | J18: 1547 | K18: 1916 | L18: 2178 | M18: 0.00028935185 | N18: 0.5261
A19: news.asu.edu/20250421-environment-and-sustainability-majority-american-religious-leaders-silently-believe-climate-change | B19: Yes | C19: S | E19: 191 | F19: 210 | G19: 229 | H19: 0.0003125 | I19: 0.4524 | J19: 202 | K19: 234 | L19: 255 | M19: 0.00028935185 | N19: 0.4487
A20: news.asu.edu/20250418-health-and-medicine-bird-flu-your-questions-symptoms-spread-and-safety-answered | B20: Yes | C20: L | E20: 1034 | F20: 1143 | G20: 1215 | H20: 0.00079861111 | I20: 0.4611 | J20: 1353 | K20: 1496 | L20: 1601 | M20: 0.00079861111 | N20: 0.4398
A21: news.asu.edu/20250418-environment-and-sustainability-k12-corporate-upskilling-asu-guides-learners-all-ages | B21: Yes | C21: L | E21: 358 | F21: 457 | G21: 499 | H21: 0.00030092593 | I21: 0.4333 | J21: 396 | K21: 507 | L21: 552 | M21: 0.00030092593 | N21: 0.4398
A22: news.asu.edu/20250414-health-and-medicine-fighting-fungus-among-us | B22: Yes | C22: S | E22: 705 | F22: 841 | G22: 924 | H22: 0.000625 | I22: 0.3508 | J22: 767 | K22: 933 | L22: 1025 | M22: 0.00059027778 | N22: 0.3441
A23: news.asu.edu/20250402-environment-and-sustainability-asu-amazon-student-bridges-communities-solar-canoe-project | B23: Yes | C23: L | E23: 365 | F23: 446 | G23: 503 | H23: 0.000625 | I23: 0.3498 | J23: 387 | K23: 477 | L23: 539 | M23: 0.00061342593 | N23: 0.3417
A24: news.asu.edu/20250328-science-and-technology-four-asu-researchers-named-senior-members-national-academy | B24: Yes | C24: L | E24: 641 | F24: 711 | G24: 840 | H24: 0.00049768519 | I24: 0.1491 | J24: 704 | K24: 798 | L24: 945 | M24: 0.00048611111 | N24: 0.1591
A25: news.asu.edu/20250325-business-and-entrepreneurship-asu-and-godaddy-launch-studentathlete-venture-studio | B25: Yes | C25: S | E25: 1154 | F25: 1356 | G25: 1519 | H25: 0.00019675926 | I25: 0.6379 | J25: 1333 | K25: 1607 | L25: 1790 | M25: 0.00019675926 | N25: 0.6297
A26: news.asu.edu/20250325-science-and-technology-asu-students-win-big-homeland-security-design-challenge | B26: Yes | C26: L | E26: 361 | F26: 421 | G26: 482 | H26: 0.00050925926 | I26: 0.3207 | J26: 409 | K26: 480 | L26: 548 | M26: 0.00048611111 | N26: 0.3167
A27: news.asu.edu/20250324-science-and-technology-swarm-science-oral-bacteria-move-waves-spread-and-survive | B27: Yes | C27: S | E27: 299 | F27: 341 | G27: 396 | H27: 0.00039351852 | I27: 0.4516 | J27: 322 | K27: 368 | L27: 426 | M27: 0.00040509259 | N27: 0.4402
A28: news.asu.edu/20250320-health-and-medicine-dynamic-data-duo-advances-health-research | B28: Yes | C28: S | E28: 272 | F28: 321 | G28: 352 | H28: 0.00033564815 | I28: 0.4642 | J28: 314 | K28: 387 | L28: 419 | M28: 0.00030092593 | N28: 0.4419
... A35: news.asu.edu/20250130-environment-and-sustainability-adventurer-and-space-visionary-embarks-new-journey-asu | B35: Yes | C35: S | E35: 709 | F35: 820 | G35: 862 | H35: 0.00048611111 | I35: 0.3146 | J35: 736 | K35: 927 | L35: 974 | M35: 0.00043981481 | N35: 0.342
A36: news.asu.edu/b/20250106-securing-borders-and-supply-chains-and-improving-efficiency-qa-ross-maciejewski
A37: news.asu.edu/b/20241220-rise-humanmachine-teams-qa-jamie-gorman
A38: news.asu.edu/20241202-environment-and-sustainability-pettinger-guide-southwest-sustainability-innovation-engines | B38: Yes | C38: L | E38: 296 | F38: 319 | G38: 350 | H38: 0.00027777778 | I38: 0.5455 | J38: 351 | K38: 398 | L38: 445 | M38: 0.00034722222 | N38: 0.4874
A39: news.asu.edu/20241120-environment-and-sustainability-world-full-plastic-not-fantastic | B39: Yes | C39: L | E39: 650 | F39: 797 | G39: 884 | H39: 0.00052083333 | I39: 0.7754 | J39: 750 | K39: 945 | L39: 1064 | M39: 0.00054398148 | N39: 0.4887
A40: https://news.asu.edu/20241031-science-and-technology-def-con-academy-looks-serve-build-community
A41: news.asu.edu/20241031-environment-and-sustainability-asu-carbon-summit-displays-sustainability-leadership | B41: Yes | C41: L | E41: 559 | F41: 634 | G41: 696 | H41: 0.00082175926 | I41: 0.459 | J41: 580 | K41: 660 | L41: 737 | M41: 0.00082175926 | N41: 0.4499
A42: news.asu.edu/20241028-arts-humanities-and-education-2-killer-halloween-projects-asus-monster-expert | B42: Yes | C42: S | E42: 324 | F42: 397 | G42: 482 | H42: 0.00037037037 | I42: 0.2695 | J42: 341 | K42: 416 | L42: 501 | M42: 0.00038194444 | N42: 0.2716
A43: news.asu.edu/20241028-environment-and-sustainability-10-climate-insights-guide-our-future | B43: Yes | C43: S | E43: 236 | F43: 270 | G43: 302 | H43: 0.00028935185 | I43: 0.3556 | J43: 255 | K43: 300 | L43: 334 | M43: 0.00028935185 | N43: 0.3367
A44: news.asu.edu/20241024-science-and-technology-meet-3-asu-cybersecurity-researchers-advancing-more-secure-future | B44: Yes | C44: S | E44: 348 | F44: 379 | G44: 417 | H44: 0.00028935185 | I44: 0.409 | J44: 409 | K44: 454 | L44: 500 | M44: 0.00027777778 | N44: 0.3722
A45: news.asu.edu/b/20241021-exploring-molecules-motion | B45: Yes | C45: S | E45: 64 | F45: 78 | G45: 92 | H45: 0.00048611111 | I45: 0.2564 | J45: 70 | K45: 89 | L45: 104 | M45: 0.00049768519 | N45: 0.2247
A46: news.asu.edu/b/20241014-stephanie-forrests-unique-integration-computation-biology-and-health | B46: Yes | C46: L | E46: 89 | F46: 119 | G46: 139 | H46: 0.00064814815 | I46: 0.395 | J46: 115 | K46: 155 | L46: 177 | M46: 0.00065972222 | N46: 0.3548
A47: news.asu.edu/20241008-science-and-technology-asuled-initiative-announces-first-decarbonization-projects-us | B47: Yes | C47: L | E47: 376 | F47: 462 | G47: 554 | H47: 0.00053240741 | I47: 0.3571 | J47: 509 | K47: 651 | L47: 771 | M47: 0.00059027778 | N47: 0.3625
A48: news.asu.edu/20241004-environment-and-sustainability-8-ways-protect-wildlife | B48: Yes | C48: L | E48: 535 | F48: 627 | G48: 737 | H48: 0.00068287037 | I48: 0.3142 | J48: 982 | K48: 1154 | L48: 1348 | M48: 0.00082175926 | N48: 0.3284
A49: news.asu.edu/b/20241003-biodesign-center-single-molecule-biophysics-little-things-add | B49: Yes | C49: S | E49: 62 | F49: 72 | G49: 84 | H49: 0.0011689815 | I49: 0.2361 | J49: 72 | K49: 85 | L49: 97 | M49: 0.001087963 | N49: 0.2235
A50: news.asu.edu/b/20241001-better-together-asu-biodesign-thrives-collaboration | B50: Yes | C50: L | E50: 140 | F50: 157 | G50: 182 | H50: 0.000625 | I50: 0.3312 | J50: 170 | K50: 196 | L50: 227 | M50: 0.000625 | N50: 0.2755
A51: news.asu.edu/b/20240930-lara-ferry-promoted-vice-president-research-asus-knowledge-enterprise | B51: Yes | C51: S | E51: 307 | F51: 334 | G51: 371 | H51: 0.00039351852 | I51: 0.4281 | J51: 320 | K51: 350 | L51: 387 | M51: 0.00040509259 | N51: 0.4286
A52: news.asu.edu/20240919-environment-and-sustainability-sustaining-connections-asu-alumnae-bring-youth-climate | B52: Yes | C52: L | E52: 209 | F52: 247 | G52: 275 | H52: 0.00021990741 | I52: 0.3482 | J52: 227 | K52: 273 | L52: 301 | M52: 0.00021990741 | N52: 0.348
... A63: news.asu.edu/20240702-swsie-appoints-new-ceo | B63: Yes | C63: L | E63: 738 | F63: 873 | G63: 969 | H63: 0.00025462963 | I63: 0.5693 | J63: 894 | K63: 1105 | L63: 1220 | M63: 0.0002662037 | N63: 0.5204
A64: news.asu.edu/20240708-sun-devil-community-school-ocean-futures-student-conduct-marine-research-nsf-fellow
A65: news.asu.edu/20240624-environment-and-sustainability-global-futures-laboratory-asu-joins-doe-initiative-empower | B65: Yes | C65: S | E65: 757 | F65: 881 | G65: 972 | H65: 0.0002662037 | I65: 0.3712 | J65: 823 | K65: 982 | L65: 1088 | M65: 0.0002662037 | N65: 0.3788
A66: news.asu.edu/20240611-university-news-asu-retains-no-1-us-top-10-globally-impact-ranking-un-sustainable-goals | B66: Yes | C66: S | E66: 2824 | F66: 3104 | G66: 3475 | H66: 0.00032407407 | I66: 0.3904 | J66: 3939 | K66: 4482 | L66: 5025 | M66: 0.00033564815 | N66: 0.3677
A67: news.asu.edu/20240709-environment-and-sustainability-asu-celebrates-world-ocean-day-honoring-bios-120-years
A68: news.asu.edu/20240701-environment-and-sustainability-hidden-cost-american-food-system | B68: Yes | C68: L | E68: 18 | F68: 19 | G68: 19 | H68: 0.0003125 | I68: 0.3684 | J68: 216 | K68: 277 | L68: 291 | M68: 0.00040509259 | N68: 0.3827
A69: news.asu.edu/20240528-health-and-medicine-intermittent-fasting-shows-promise-improving-gut-health-weight | B69: Yes | C69: S | E69: 5584 | F69: 6604 | G69: 6824 | H69: 0.00027777778 | I69: 0.7139 | J69: 5755 | K69: 6312 | L69: 7100 | M69: 0.00028935185 | N69: 0.7015
A70: news.asu.edu/20240528-health-and-medicine-asu-research-finds-link-between-removal-uterus-brain-function | B70: Yes | C70: L | E70: 5124 | F70: 5757 | G70: 6198 | H70: 0.00053240741 | I70: 0.6821 | J70: 6500 | K70: 7316 | L70: 7865 | M70: 0.00055555556 | N70: 0.6499
A71: news.asu.edu/20240521-environment-and-sustainability-forest-thinning-may-provide-water-benefits-downstream | B71: Yes | C71: S | E71: 515 | F71: 604 | G71: 682 | H71: 0.00039351852 | I71: 0.4801 | J71: 593 | K71: 724 | L71: 814 | M71: 0.00038194444 | N71: 0.4848
A72: news.asu.edu/20240522-science-and-technology-asu-now-certificated-build-sensitive-aerospace-defense-instruments | B72: Yes | C72: S | E72: 209 | F72: 235 | G72: 265 | H72: 0.00061342593 | I72: 0.1574 | J72: 239 | K72: 269 | L72: 301 | M72: 0.00059027778 | N72: 0.1822
A73: news.asu.edu/20240520-environment-and-sustainability-new-research-shows-transdisciplinary-approach-needed | B73: Yes | C73: S | E73: 81 | F73: 86 | G73: 107 | H73: 0.00025462963 | I73: 0.3953 | J73: 81 | K73: 86 | L73: 107 | M73: 0.00025462963 | N73: 0.3953
A74: news.asu.edu/20240509-environment-and-sustainability-reef-restoration-program-celebrates-official-opening | B74: Yes | C74: S | E74: 373 | F74: 427 | G74: 480 | H74: 0.00034722222 | I74: 0.3302 | J74: 501 | K74: 601 | L74: 667 | M74: 0.00034722222 | N74: 0.3311
A75: news.asu.edu/20240508-environment-and-sustainability-asu-researchers-working-better-understand-individual | B75: Yes | C75: S | E75: 218 | F75: 242 | G75: 288 | H75: 0.00024305556 | I75: 0.3264 | J75: 256 | K75: 306 | L75: 356 | M75: 0.00024305556 | N75: 0.3399
A76: news.asu.edu/20240507-university-news-college-global-futures-announces-new-directors | B76: Yes | C76: S | E76: 308 | F76: 333 | G76: 369 | H76: 0.00046296296 | I76: 0.2853 | J76: 337 | K76: 367 | L76: 409 | M76: 0.00050925926 | N76: 0.2698
A77: https://news.asu.edu/20240430-sun-devil-community-grads-journey-asu-frontiers-biochemistry-and-beyond
A78: https://news.asu.edu/20240428-sun-devil-community-phd-grad-honed-interdisciplinary-skills-asu
A79: https://news.asu.edu/20240427-sun-devil-community-math-and-stats-grad-beats-odds-overcoming-serious-health-issues
A80: news.asu.edu/20240419-health-and-medicine-first-exchange-student-biodesign-institute-europe-bridges-labs-5000 | B80: Yes | C80: S | E80: 293 | F80: 323 | G80: 385 | H80: 0.00024305556 | I80: 0.2786 | J80: 386 | K80: 421 | L80: 491 | M80: 0.00023148148 | N80: 0.2185
A81: biodesign.asu.edu/news-and-events/news/story/harnessing-the-power-of-microbes-for-human-health/ | B81: Yes | C81: S | E81: 36 | F81: 45 | G81: 59 | H81: 0.0005787037 | I81: 0.2 | J81: 39 | K81: 51 | L81: 65 | M81: 0.00052083333 | N81: 0.2353
A82: research.asu.edu/news/story/harnessing-the-power-of-microbes-for-human-health/ | B82: Yes | C82: S | E82: 2 | F82: 2 | G82: 3 | H82: 0 | I82: 0.5 | J82: 3 | K82: 3 | L82: 4 | M82: 0 | N82: 0.6667
A83: biodesign.asu.edu/news-and-events/news/story/biodesign-alumni-aid-the-fight-against-infectious-diseases/ | B83: Yes | C83: L | E83: 61 | F83: 74 | G83: 90 | H83: 0.00065972222 | I83: 0.3378 | J83: 74 | K83: 93 | L83: 111 | M83: 0.00055555556 | N83: 0.3763
A84: research.asu.edu/news/story/biodesign-alumni-aid-the-fight-against-infectious-diseases/ | B84: Yes | C84: L | E84: 6 | F84: 7 | G84: 7 | H84: 0.00048611111 | I84: 0 | J84: 9 | K84: 10 | L84: 10 | M84: 0.00056712963 | N84: 0
A85: news.asu.edu/20240603-environment-and-sustainability-clearing-air-how-we-can-fix-co2-problem-and-make-our-lives | B85: Yes | C85: L | E85: 0 | F85: 0 | G85: 0 | J85: 125 | K85: 143 | L85: 168 | M85: 0.00090277778 | N85: 0.3357
A86: news.asu.edu/20240329-environment-and-sustainability-new-study-finds-previously-unreported-and-persistent | B86: Yes | C86: L | E86: 331 | F86: 374 | G86: 418 | H86: 0.00045138889 | I86: 0.5401 | J86: 432 | K86: 498 | L86: 550 | M86: 0.00042824074 | N86: 0.494
A87: news.asu.edu/20240305-environment-and-sustainability-nsf-announces-new-partners-asuled-climate-economy | B87: Yes | C87: L | E87: 718 | F87: 858 | G87: 952 | H87: 0.00039351852 | I87: 0.2972 | J87: 817 | K87: 990 | L87: 1096 | M87: 0.00038194444 | N87: 0.2869
A88: news.asu.edu/20240207-environment-and-sustainability-firstofitskind-plastics-recycling-microfactory-transform | B88: Yes | C88: L | E88: 283 | F88: 304 | G88: 335 | H88: 0.00045138889 | I88: 0.5789 | J88: 283 | K88: 304 | L88: 335 | M88: 0.00045138889 | N88: 0.5789

Sheet Averages
A1: 30 Days
A2: Avg Users | B2: Avg Sessions | C2: Avg Pageviews | D2: Avg Session Eng. Time | E2: Avg Bounce Rate
A3: =AVERAGE(Updated!H36:H554) -> 246.30952 | B3: =AVERAGE(Updated!I36:I554) -> 292.38095 | C3: =AVERAGE(Updated!J36:J554) -> 331.09524 | D3: =AVERAGE(Updated!K36:K554) -> 0.0004491843 | E3: =AVERAGE(Updated!L36:L554) -> 0.33148784
A5: 90 Days
A6: Avg Users | B6: Avg Sessions | C6: Avg Pageviews | D6: Avg Session Eng. Time | E6: Avg Bounce Rate
A7: =AVERAGE(Updated!M36:M554) -> 319.02817 | B7: =AVERAGE(Updated!N36:N554) -> 385.91549 | C7: =AVERAGE(Updated!O36:O554) -> 433.19718 | D7: =AVERAGE(Updated!P36:P554) -> 0.00045383412 | E7: =AVERAGE(Updated!Q36:Q554) -> 0.34005902

Sheet Comparison
F1: 30 day visits | K1: 90 day visits
A2: Date | B2: Unit | C2: News URL | D2: Contain Images | E2: Long(L) or Short(S) | F2: Users | G2: Sessions | H2: Pageviews | I2: Session Eng. Time | J2: Bounce Rate | K2: Users | L2: Sessions | M2: Pageviews | N2: Session Eng. Time | O2: Bounce Rate
A3: 45440 | B3: KE | C3: news.asu.edu/20240528-health-and-medicine-intermittent-fasting-shows-promise-improving-gut-health-weight | D3: Y | E3: S | F3: 5584 | G3: 6604 | H3: 6824 | I3: 0.00027777778 | J3: 0.7139 | K3: 5755 | L3: 6312 | M3: 7100 | N3: 0.00028935185 | O3: 0.7015
B4: Non-KE | C4: news.asu.edu/20240528-health-and-medicine-asu-research-finds-link-between-removal-uterus-brain-function | D4: Y | E4: L | F4: 5748 | G4: 6479 | H4: 6992 | I4: 0.00052083333 | J4: 0.6751 | K4: 6500 | L4: 7316 | M4: 7865 | N4: 0.00055555556 | O4: 0.6499
A5: 45593 | B5: KE | C5: news.asu.edu/20241028-environment-and-sustainability-10-climate-insights-guide-our-future | D5: Y | E5: S | F5: 236 | G5: 270 | H5: 302 | I5: 0.00028935185 | J5: 0.3556 | K5: 255 | L5: 300 | M5: 334 | N5: 0.00028935185 | O5: 0.3367
B6: Non-KE | C6: news.asu.edu/20241028-arts-humanities-and-education-2-killer-halloween-projects-asus-monster-expert | D6: Y | E6: L
A7: 45518 | B7: KE | C7: news.asu.edu/20240814-environment-and-sustainability-ustda-director-joins-policymakers-business-leaders | D7: Y | E7: S | F7: 359 | G7: 390 | H7: 423 | I7: 0.00020833333 | J7: 0.3513 | K7: 393 | L7: 431 | M7: 468 | N7: 0.00020833333 | O7: 0.3295
B8: Non-KE | C8: news.asu.edu/20240814-environment-and-sustainability-asu-lab-brings-energy | D8: Y | E8: L | F8: 382 | G8: 448 | H8: 519 | I8: 0.00047453704 | J8: 0.2098 | K8: 498 | L8: 592 | M8: 673 | N8: 0.00050925926 | O8: 0.1892
